10,Michael,Sullivan
20,John,Rooney
10,Michael,Sullivan
20,John,Rooney
10,Michael,Sullivan
20,John,Rooney
10,Michael,Sullivan
20,John,Rooney
10,Michael,Sullivan
20,John,Rooney
10,Michael,Sullivan
20,John,Rooney
10,Michael,Sullivan
20,John,Rooney
10,Michael,Sullivan
20,John,Rooney
10,Michael,Sullivan
20,John,Rooney
10,Michael,Sullivan
20,John,Rooney
10,Michael,Sullivan
20,John,Rooney
10,Michael,Sullivan
20,John,Rooney
10,Michael,Sullivan
20,John,Rooney
10,Michael,Sullivan
20,John,Rooney
10,Michael,Sullivan
20,John,Rooney
10,Michael,Sullivan
20,John,Rooney
10,Michael,Sullivan
20,John,Rooney
10,Michael,Sullivan
20,John,Rooney
10,Michael,Sullivan
20,John,Rooney
10,Michael,Sullivan
20,John,Rooney
10,Michael,Sullivan
20,John,Rooney
10,Michael,Sullivan
20,John,Rooney
10,Michael,Sullivan
20,John,Rooney
10,Michael,Sullivan
20,John,Rooney
10,Michael,Sullivan
20,John,Rooney
10,Michael,Sullivan
20,John,Rooney
10,Michael,Sullivan
20,John,Rooney
10,Michael,Sullivan
20,John,Rooney
10,Michael,Sullivan
20,John,Rooney
10,Michael,Sullivan
20,John,Rooney
10,Michael,Sullivan
20,John,Rooney
10,Michael,Sullivan
20,John,Rooney
10,Michael,Sullivan
20,John,Rooney
10,Michael,Sullivan
20,John,Rooney
10,Michael,Sullivan
20,John,Rooney
10,Michael,Sullivan
20,John,Rooney
10,Michael,Sullivan
20,John,Rooney
10,Michael,Sullivan
20,John,Rooney
10,Michael,Sullivan
20,John,Rooney
10,Michael,Sullivan
20,John,Rooney
10,Michael,Sullivan
20,John,Rooney
10,Michael,Sullivan
20,John,Rooney
10,Michael,Sullivan
20,John,Rooney
10,Michael,Sullivan
20,John,Rooney
10,Michael,Sullivan
20,John,Rooney
10,Michael,Sullivan
20,John,Rooney
10,Michael,Sullivan
20,John,Rooney
10,Michael,Sullivan
20,John,Rooney
10,Michael,Sullivan
20,John,Rooney
10,Michael,Sullivan
20,John,Rooney
10,Michael,Sullivan
20,John,Rooney
10,Michael,Sullivan
20,John,Rooney
10,Michael,Sullivan
20,John,Rooney
10,Michael,Sullivan
20,John,Rooney
10,Michael,Sullivan
20,John,Rooney
10,Michael,Sullivan
20,John,Rooney
10,Michael,Sullivan
20,John,Rooney
10,Michael,Sullivan
20,John,Rooney
10,Michael,Sullivan
20,John,Rooney
10,Michael,Sullivan
20,John,Rooney
10,Michael,Sullivan
20,John,Rooney
10,Michael,Sullivan
20,John,Rooney
10,Michael,Sullivan
20,John,Rooney
10,Michael,Sullivan
20,John,Rooney
10,Michael,Sullivan
20,John,Rooney
10,Michael,Sullivan
20,John,Rooney
10,Michael,Sullivan
20,John,Rooney
10,Michael,Sullivan
20,John,Rooney
10,Michael,Sullivan
20,John,Rooney
10,Michael,Sullivan
20,John,Rooney
10,Michael,Sullivan
20,John,Rooney
10,Michael,Sullivan
20,John,Rooney
10,Michael,Sullivan
20,John,Rooney
10,Michael,Sullivan
20,John,Rooney
10,Michael,Sullivan
20,John,Rooney
10,Michael,Sullivan
20,John,Rooney
